model,min,max,mean
GB_small_lr,0.4298093839597486,0.4464291760927458,0.4464291760927458
GB_large_lr,0.42034190047677666,0.4276146542396181,0.4276146542396181
