model,min,max,mean
SVC,0.4437519372150819,0.4783067294491826,0.45248606515548423
