model,min,max,mean
RF_hypo,0.36030807066091947,0.38143922507106676,0.38143922507106676
