model,min,max,mean
RF,0.35654027306111974,0.38339550737795447,0.38339550737795447
RF_hypo_2000,0.36030807066091947,0.38143922507106676,0.38143922507106676
RF_hypo_2100,0.3590552405039966,0.3826139166373226,0.3826139166373226
